CREATE DATABASE MOCHI
USE MOCHI
CREATE TABLE NHANVIEN
(
	MANV VARCHAR(10),
	TENNV VARCHAR(30),
	NGAYSINH DATETIME,
	GIOITINH VARCHAR(3),
	DIACHI VARCHAR(30),
	SDT VARCHAR(10),
	CHUCVU VARCHAR(30),
	PRIMARY KEY (MANV)
)

-------------------- 1 BAN HANG --------------------

CREATE TABLE BANGPHANCONG
(
	MANVPHUCVU VARCHAR(10),
	MAKHUVUC VARCHAR(10),
	THOIGIANTRUC DATETIME,
	CATRUC VARCHAR(15),
	PRIMARY KEY (MANVPHUCVU,MAKHUVUC)
)

CREATE TABLE KHUVUC
(
	MAKHUVUC VARCHAR(10),
	TENKHUVUC VARCHAR(15),
	SOBANGHE INT,
	PRIMARY KEY (MAKHUVUC)
)

CREATE TABLE DONDAT
(
	MADONDAT VARCHAR(10),
	MAKH VARCHAR(10),
	THOIGIANTOCHUC DATETIME,
	NVTIEPNHAN VARCHAR(10),
	TONGTIEN FLOAT,
	DATCOC FLOAT,
	TONNO FLOAT,
	MAKHUVUC VARCHAR(10),
	PRIMARY KEY (MADONDAT)
)

CREATE TABLE KHACHHANG
(
	MAKH VARCHAR(10),
	TENKH VARCHAR(30),
	SDT VARCHAR(10),
	PRIMARY KEY (MAKH)
)

CREATE TABLE THUCDON
(
	MATHUCDON VARCHAR(10),
	MACHUNGTU VARCHAR(10),
	KHUCVUCBEP VARCHAR(10),
	PRIMARY KEY (MATHUCDON)
)
CREATE TABLE COMBO
(
	MACOMBO VARCHAR(10),
	TENCOMBO VARCHAR(20),
	MAMONAN VARCHAR(10),
	MANUOCUONG VARCHAR(10),
	PRIMARY KEY (MACOMBO),
)
CREATE TABLE CHITIETTHUCDON
(
	MATHUCDON VARCHAR(10),
	MACOMBO VARCHAR(10),
	PRIMARY KEY (MATHUCDON,MACOMBO)
)
CREATE TABLE THUCUONG
(
	MANUOCUONG VARCHAR(10),
	TENNUOCUONG VARCHAR(50),
	DONVITINH INT,
	GIATIEN FLOAT,
	PRIMARY KEY (MANUOCUONG)
)

CREATE TABLE MONAN
(
	MAMONAN VARCHAR(10),
	TENMONAN VARCHAR(20),
	DONVITINH INT,
	GIATIEN FLOAT,
	PRIMARY KEY (MAMONAN)
)

CREATE TABLE HOADON
(
	MAHD VARCHAR(10),
	NGAYXUAT DATETIME,
	THANHTIEN FLOAT,
	NVBANHANG VARCHAR(10),
	PRIMARY KEY (MAHD)
)

-------------------- 2 KHO --------------------

CREATE TABLE PHIEUNHAP
(
	MAPHIEUNHAP VARCHAR(10),
	NGAYNHAP DATETIME,
	NVNHAP VARCHAR(10),
	NHACUNGCAP VARCHAR(10),
	PRIMARY KEY (MAPHIEUNHAP)
)

CREATE TABLE PHIEUGIAO
(
	MAPHIEUGIAO VARCHAR(10),
	NGAYGIAO DATE,
	SODOT INT,
	MAPHIEUNHAP VARCHAR(10),
	NVNHAN VARCHAR(10),
	PRIMARY KEY (MAPHIEUGIAO)
)

CREATE TABLE NHACUNGCAP
(
	MANHACUNGCAP VARCHAR(10),
	TENNHACUNGCAP VARCHAR(30),
	DIACHI VARCHAR(30),
	SDT VARCHAR(10),
	PRIMARY KEY (MANHACUNGCAP)
)
CREATE TABLE NGUYENVATLIEU
(
	MANGUYENLIEU VARCHAR(10),
	TENNGUYENLIEU VARCHAR(30),
	SOLUONG INT,
	THUKHO VARCHAR(10),
	HSD DATETIME,
	TINHTRANG VARCHAR(50),
	NVQLHANG  VARCHAR(10),
	PRIMARY KEY (MANGUYENLIEU)
)
CREATE TABLE CHITIETCUNGCAP
(
	MANHACUNGCAP VARCHAR(10),
	MANGUYENLIEU VARCHAR(10),
	PRIMARY KEY(MANHACUNGCAP,MANGUYENLIEU)
)
CREATE TABLE CHITIETXUAT
(
	MACTXUAT VARCHAR(10),
	MANGUYENLIEU VARCHAR(10),
	KHUVUCBEP VARCHAR(10),
	SOLUONG INT,
	PRIMARY KEY (MACTXUAT)
)

--------------------3 BEP --------------------

CREATE TABLE NHABEP
(
	KHUVUCBEP VARCHAR(10),
	BEPTRUONG VARCHAR(10),
	PRIMARY KEY (KHUVUCBEP)
)

CREATE TABLE BANGPHANCONGNAU
(
	KHUVUCBEP VARCHAR(10),
	DAUBEP VARCHAR(10),
	PRIMARY KEY (KHUVUCBEP, DAUBEP)
)

--------------------4 TAI CHINH --------------------

CREATE TABLE BAOCAODOANHTHU
(
	MADOANHTHU VARCHAR(10),
	NGAYLAP DATE,
	TIENTRONGTHANG FLOAT,
	KETOAN VARCHAR(10),
	PRIMARY KEY (MADOANHTHU)
)

CREATE TABLE BAOCAOCHIPHI
(
	MACHIPHI VARCHAR(10),
	NGAYLAP DATE,
	CHIPHITRA FLOAT,
	KETOAN VARCHAR(10),
	PRIMARY KEY (MACHIPHI)
)

ALTER TABLE BANGPHANCONG
ADD CONSTRAINT L1
FOREIGN KEY (MANVPHUCVU)
REFERENCES NHANVIEN(MANV)

ALTER TABLE BANGPHANCONG
ADD CONSTRAINT L2
FOREIGN KEY (MAKHUVUC)
REFERENCES KHUVUC(MAKHUVUC)

ALTER TABLE DONDAT
ADD CONSTRAINT L3
FOREIGN KEY (MAKHUVUC)
REFERENCES KHUVUC(MAKHUVUC)

ALTER TABLE DONDAT
ADD CONSTRAINT L4
FOREIGN KEY (MAKH)
REFERENCES KHACHHANG(MAKH)

ALTER TABLE DONDAT
ADD CONSTRAINT L5
FOREIGN KEY (NVTIEPNHAN)
REFERENCES NHANVIEN(MANV)

ALTER TABLE THUCDON
ADD CONSTRAINT L6
FOREIGN KEY (MACHUNGTU)
REFERENCES DONDAT(MADONDAT)

ALTER TABLE THUCDON
ADD CONSTRAINT L7
FOREIGN KEY (MACHUNGTU)
REFERENCES HOADON(MAHD)

ALTER TABLE THUCDON
ADD CONSTRAINT L8
FOREIGN KEY (KHUCVUCBEP)
REFERENCES NHABEP(KHUVUCBEP)

ALTER TABLE HOADON		--NEXT
ADD CONSTRAINT L9
FOREIGN KEY (NVBANHANG)
REFERENCES NHANVIEN(MANV)

ALTER TABLE BANGPHANCONGNAU		
ADD CONSTRAINT L10
FOREIGN KEY (KHUVUCBEP)
REFERENCES NHABEP(KHUVUCBEP)

ALTER TABLE BANGPHANCONGNAU		
ADD CONSTRAINT L11
FOREIGN KEY (DAUBEP)
REFERENCES NHANVIEN(MANV)

ALTER TABLE PHIEUNHAP		
ADD CONSTRAINT L12
FOREIGN KEY (NVNHAP)
REFERENCES NHANVIEN(MANV)

ALTER TABLE PHIEUNHAP		
ADD CONSTRAINT L13
FOREIGN KEY (NHACUNGCAP)
REFERENCES NHACUNGCAP(MANHACUNGCAP)

ALTER TABLE PHIEUGIAO		
ADD CONSTRAINT L14
FOREIGN KEY (NVNHAN)
REFERENCES NHANVIEN(MANV)

ALTER TABLE PHIEUGIAO		
ADD CONSTRAINT L15
FOREIGN KEY (MAPHIEUNHAP)
REFERENCES PHIEUNHAP(MAPHIEUNHAP)

ALTER TABLE CHITIETCUNGCAP		
ADD CONSTRAINT L16
FOREIGN KEY (MANHACUNGCAP)
REFERENCES NHACUNGCAP(MANHACUNGCAP)

ALTER TABLE CHITIETCUNGCAP		
ADD CONSTRAINT L17
FOREIGN KEY (MANGUYENLIEU)
REFERENCES NGUYENVATLIEU(MANGUYENLIEU) 

ALTER TABLE NGUYENVATLIEU		
ADD CONSTRAINT L18
FOREIGN KEY (NVQLHANG)
REFERENCES NHANVIEN(MANV)

ALTER TABLE CHITIETXUAT		
ADD CONSTRAINT L19
FOREIGN KEY (MANGUYENLIEU)
REFERENCES NGUYENVATLIEU(MANGUYENLIEU)

ALTER TABLE CHITIETXUAT		
ADD CONSTRAINT L20
FOREIGN KEY (KHUVUCBEP)
REFERENCES NHABEP(KHUVUCBEP)

ALTER TABLE BAOCAODOANHTHU	
ADD CONSTRAINT L21
FOREIGN KEY (KETOAN)
REFERENCES NHANVIEN(MANV)

ALTER TABLE BAOCAOCHIPHI	
ADD CONSTRAINT L22
FOREIGN KEY (KETOAN)
REFERENCES NHANVIEN(MANV)

ALTER TABLE CHITIETTHUCDON		--UPDATE THEM	
ADD CONSTRAINT L23
FOREIGN KEY (MATHUCDON)
REFERENCES THUCDON(MATHUCDON)

ALTER TABLE CHITIETTHUCDON			
ADD CONSTRAINT L24
FOREIGN KEY (MACOMBO)
REFERENCES COMBO(MACOMBO)

ALTER TABLE COMBO			
ADD CONSTRAINT L25
FOREIGN KEY (MAMONAN)
REFERENCES MONAN(MAMONAN)

ALTER TABLE COMBO			
ADD CONSTRAINT L26
FOREIGN KEY (MANUOCUONG)
REFERENCES THUCUONG(MANUOCUONG)

INSERT INTO NHANVIEN
VALUES	
('B01','DO VAN TIEN','1980-03-15','NAM','320 NGUYEN TRAI','0935125654','BAN HANG'),
('B02','NGUYEN THI TUYET','2000-06-20','NU','200 TRAN HUNG DAO','0973732124','BAN HANG'),
('P01','DO THI THUY CHI','2002-08-10','NU','123 NGUYEN TRAI','0926531689','PHUC VU'),
('P02','TRAN KIM TUYEN','2001-07-23','NU','222 HUNG VUONG','0989134532','PHUC VU'),
('P03','LE THI HUONG','2000-05-20','NU','25/3 LE HONG PHONG','0967834543','PHUC VU'),
('P04','NGUYEN THI MAI','2000-09-17','NU','29 NGUYEN TRI PHUONG','0923784317','PHUC VU'),
('P05','NGUYEN VAN DUONG','2000-10-30','NAM','976 NGUYEN TRAI','0998548953','PHUC VU'),
('D01','NGUYEN VAN DUNG','1990-08-05','NAM','89 NGUYEN KIM','0984298509','DAU BEP'),
('D02','TRAN VAN TAI','1995-06-11','NAM','215 NGO QUYEN','0998923974','DAU BEP'),
('D03','TRAN THIEN HAI','1984-02-01','NAM','59 AN DUONG VUONG','0989659239','DAU BEP'),
('D04','NGUYEN THI HIEN','1996-07-21','NU','36 NGUYEN THI','0919547366','DAU BEP'),
('D05','PHAN VAN DUONG','1995-01-31','NAM','19 NGO QUYEN','0909799388','DAU BEP'),
('D06','LE HIEN HOA','1992-11-22','NU','39 NGUYEN TRAI','0928437886','DAU BEP'),
('D07','DINH VAN LOI','1992-12-01','NAM','40 HUNG VUONG','0919522778','DAU BEP'),
('D08','NGUYEN TIEN DAT','1992-07-06','NAM','36 TRAN HUNG DAO','0913324569','DAU BEP'),
('D09','PHAN NHAT ANH','1993-08-24','NAM','18 LE HONG PHONG','0914194627','DAU BEP'),
('D10','LE GIA BAO','1991-11-21','NAM','199 NGUYEN TRI PHUONG','0972395837','DAU BEP'),
('D11','NGUYEN THI TUYET HUONG','1984-12-21','NU','22 NGO QUYEN','0925322943','DAU BEP'),
('D12','NGUYEN CHAU THUY TRANG','1989-04-21','NU','177 NGUYEN THI','0983426578','DAU BEP'),
('D13','LE HOANG NHAT QUAN','1993-02-21','NAM','32 AN DUONG VUONG','0922885734','DAU BEP'),
('D14','DO THI NAM','1973-08-21','NU','68 KIM BIEN','0984326745','DAU BEP'),
('D15','LE DUONG LAN NGOC','1982-09-21','NU','132 HUNG VUONG','0923451278','DAU BEP'),
('K01','LE THI HUYEN','1990-05-05','NU','12 NGUYEN TRI PHUONG','0955643347','KE TOAN'),
('K02','LE ANH TUAN','1989-02-20','NAM','20 KIM BIEN','0931861249','KE TOAN')

INSERT INTO BAOCAODOANHTHU
VALUES	
('MDT2201','2022-01-01',626000000,'K01'),
('MDT2202','2022-02-01',590000000,'K01'),
('MDT2203','2022-03-01',778000000,'K02'),
('MDT2204','2022-04-01',610000000,'K01'),
('MDT2205','2022-05-01',599000000,'K01'),
('MDT2206','2022-06-01',631000000,'K02'),
('MDT2207','2022-07-01',667000000,'K02'),
('MDT2208','2022-08-01',722000000,'K01'),
('MDT2209','2022-09-01',648000000,'K01'),
('MDT2210','2022-10-01',963000000,'K01')

INSERT INTO BAOCAOCHIPHI
VALUES	
('MDT2201','2022-01-01',353000000,'K02'),
('MDT2202','2022-02-01',419000000,'K02'),
('MDT2203','2022-03-01',463000000,'K01'),
('MDT2204','2022-04-01',376000000,'K02'),
('MDT2205','2022-05-01',330000000,'K02'),
('MDT2206','2022-06-01',402000000,'K01'),
('MDT2207','2022-07-01',434000000,'K01'),
('MDT2208','2022-08-01',455000000,'K02'),
('MDT2209','2022-09-01',390000000,'K02'),
('MDT2210','2022-10-01',486000000,'K02')

INSERT INTO NHABEP
VALUES	
('A101','D01'),
('A102','D02'),
('A201','D03')

INSERT INTO BANGPHANCONGNAU
VALUES	
('A101','D01'),
('A101','D04'),
('A101','D05'),
('A101','D06'),
('A101','D07'),
('A102','D02'),
('A102','D08'),
('A102','D09'),
('A102','D10'),
('A102','D11'),
('A201','D03'),
('A201','D12'),
('A201','D13'),
('A201','D14'),
('A201','D15')

INSERT INTO KHUVUC
VALUES	
('VA001','PVIP A1',5),
('VA002','PVIP A2',5),
('SA001','SANH A1',10),
('SA002','SANH A2',10)

INSERT INTO BANGPHANCONG
VALUES	
('P01','VA001','2022-04-02 06:30:00','CA 1'),
('P02','VA002','2022-04-02 12:30:00','CA 2'),
('P03','SA001','2022-04-02 06:30:00','CA 1'),
('P04','SA001','2022-04-02 12:30:00','CA 2'),
('P05','SA002','2022-04-02 06:30:00','CA 1'),
('P01','VA002','2022-04-03 06:30:00','CA 1'),
('P02','VA001','2022-04-03 12:30:00','CA 2'),
('P04','SA002','2022-04-03 06:30:00','CA 1'),
('P05','SA001','2022-04-03 06:30:00','CA 1'),
('P03','SA002','2022-04-03 12:30:00','CA 2')

INSERT INTO NHACUNGCAP
VALUES	
('CTZFVN','CONG TY CP ZIN FOOD VIET NAM','200/1 P13 Q.BINH THANH','0366005005'),
('TPCD','THUC PHAM CONG DANH','A4 H.HOOCMON','0908838848'),
('TPDA','THUC PHAM DUY ANH','368/4 H.CU CHI','0903646487'),
('TPTT','THUC PHAM TRUONG THINH','B3-031 Q8','0938285624'),
('AAF','AN AN FOOD','99 THU DUC','0986155066'),
('TPCT','THUC PHAM CHAN THANH','141/10 Q.BINH TAN','0967033169')

INSERT INTO MONAN
VALUES	
('001','SUSHI',1,159000.0),
('002','SASHIMI',1,199000.0),
('003','SHABU',1,149000.0),
('004','RAMEN',1,199000.0),
('005','UDON',1,89000.0),
('006','SOBA',1,99000.0),
('007','CA RI NHAT BAN',1,159000.0),
('008','TAKOYAKI',1,119000.0),
('009','NATTO',1,119000.0),
('010','ORIGINI',1,99000.0),
('011','OKONOMIYAKI',1,239000.0),
('012','TEMPURA',1,199000.0),
('013','SUKIYAKI',1,999000.0),
('014','TONKATSU',1,149000.0),
('015','CHANKO NABE',1,899000.0)

--- D.ANH ---
INSERT INTO KHACHHANG
VALUES
('VIP001','NGUYEN MINH NHAT CHIEU','0784154678'),
('VIP002','NGUYEN NGOC TRAM ANH','0158478226'),
('VIP003','NGUYEN MINH PHUONG','0157489652'),
('VIP004','DIEP UYEN SAN','0345682197'),
('VIP005','NGUYEN QUOC ANH','0457896153'),
('NORMAL001','DINH XUAN PHU','0658715327'),
('NORMAL002','NGUYEN THI NGOC BICH','0157894356'),
('NORMAL003','TA PHAN HAI ANH','0268475912'),
('NORMAL004','NGUYEN NGOC KIM CUONG','0462327819'),
('NORMAL005','NGUYEN NGOC HAN','075613428')

INSERT INTO DONDAT
VALUES
('V001','VIP001','2022-04-01 06:00:00','B01',3500000,2000000,1500000,'VA001'),
('V002','VIP002','2022-03-01 07:00:00','B02',2000000,1000000,1000000,'VA002'),
('V003','VIP003','2022-05-01 08:00:00','B01',4000000,2000000,2000000,'VA002'),
('V004','VIP004','2022-04-15 09:00:00','B02',5000000,3000000,2000000,'VA001'),
('V005','VIP005','2022-02-14 10:00:00','B02',4000000,3000000,1000000,'VA001'),	
('N001','NORMAL001','2022-03-11 11:00:00','B01',1000000,400000,600000,'SA002'),
('N002','NORMAL002','2022-03-01 12:00:00','B02',1500000,1000000,500000,'SA001'),
('N003','NORMAL003','2022-03-14 13:00:00','B02',1200000,1000000,200000,'SA001'),
('N004','NORMAL004','2022-05-01 14:00:00','B01',1700000,1000000,700000,'SA002'),
('N005','NORMAL005','2022-04-02 15:00:00','B02',1300000,1000000,300000,'SA001')

INSERT INTO HOADON
VALUES
('V001','2022-04-01 06:00:00',3500000,'B01'),
('V002','2022-03-01 07:00:00',2000000,'B02'),
('V003','2022-05-01 08:00:00',4000000,'B01'),
('V004','2022-04-15 09:00:00',5000000,'B02'),
('V005','2022-02-14 10:00:00',4000000,'B01'),	
('N001','2022-03-11 11:00:00',1000000,'B02'),
('N002','2022-03-01 12:00:00',1500000,'B01'),
('N003','2022-03-14 13:00:00',1200000,'B02'),
('N004','2022-05-01 14:00:00',1700000,'B01'),
('N005','2022-04-02 15:00:00',1300000,'B02')

INSERT INTO THUCUONG
VALUES
('016','COCA COLA',1,15000),
('017','PEPSI',1,15000),
('018','XA XI',1,15000),
('019','NUOC CHANH TUOI',1,20000),
('020','SUA CHUA UONG YAKULT',1,25000),
('021','NUOC NGOT KHONG GA Calpis',1,30000),
('022','NUOC UONG THE THAO Pocari Sweat',1,35000),
('023','NUOC CHANH Ramune',1,40000),
('024','RUOU NGOT Amazake',1,100000),
('025','NUOC NGOT Melon Soda',1,35000),
('026','NUOC TANG LUC Dekavita C',1,40000),
('027','NUOC GIAI KHAT Mitsuya Cider',1,45000),
('028','TRA LUA MACH Mugicha',1,50000),
('029','CAFE Boss',1,30000),
('030','CAFE SUA',1,35000)

INSERT INTO THUCDON
VALUES
('TD001','V001','A101'),
('TD002','V002','A102'),
('TD003','V003','A201'),
('TD004','V004','A101'),
('TD005','V005','A102'),
('TD006','N001','A201'),
('TD007','N002','A101'),
('TD008','N003','A102'),
('TD009','N004','A201'),
('TD010','N005','A101')

INSERT INTO COMBO
VALUES
('CB001','COMBO 1','001','016'),
('CB002','COMBO 2','001','017'),
('CB003','COMBO 3','002','018'),
('CB004','COMBO 4','003','019'),
('CB005','COMBO 5','004','020'),
('CB006','COMBO 6','005','021'),
('CB007','COMBO 7','006','022'),
('CB008','COMBO 8','007','023'),
('CB009','COMBO 9','008','024'),
('CB010','COMBO 10','009','025')

INSERT INTO CHITIETTHUCDON
VALUES
('TD001','CB001'),
('TD001','CB002'),
('TD001','CB003'),
('TD002','CB001'),
('TD002','CB004'),
('TD002','CB005'),
('TD003','CB002'),
('TD003','CB005'),
('TD004','CB006'),
('TD004','CB007'),
('TD005','CB007'),
('TD005','CB008'),
('TD006','CB001'),
('TD006','CB005'),
('TD007','CB003'),
('TD007','CB005'),
('TD008','CB009'),
('TD008','CB003'),
('TD009','CB001'),
('TD009','CB006'),
('TD010','CB001'),
('TD010','CB004')

INSERT INTO PHIEUNHAP
VALUES
('PN001','2022-04-01 06:00:00','K01','CTZFVN'),
('PN002','2022-04-02 07:00:00','K02','TPCD'),
('PN003','2022-03-03 08:00:00','K01','TPDA'),
('PN004','2022-05-03 09:00:00','K02','TPTT'),
('PN005','2022-02-14 10:00:00','K01','AAF'),
('PN006','2022-06-01 11:00:00','K02','TPCT')

INSERT INTO PHIEUGIAO
VALUES
('PG001','2022-04-04',1,'PN001','K01'),
('PG002','2022-04-05',2,'PN002','K02'),
('PG003','2022-03-06',3,'PN003','K01'),
('PG004','2022-03-12',4,'PN004','K02'),
('PG005','2022-02-14',5,'PN005','K01'),
('PG006','2022-06-01',6,'PN006','K02')

INSERT INTO NGUYENVATLIEU
VALUES
('VL001','CA HOI TUOI SONG',100,'K01','2022-07-15 06:00:00','CON HANG','D01'),
('VL002','THIT BO KOBE',100,'K02','2022-08-15 07:00:00','SAP HET HANG','D02'),
('VL003','GAO NHAT',100,'K01','2022-09-15 08:00:00','HET HANG','D03'),
('VL004','SUA',100,'K02','2023-10-15 09:00:00','CON HANG','D04'),
('VL005','RAU TUOI SACH',100,'K02','2022-05-10 10:00:00','CON HANG','D05'),
('VL006','RUOU',100,'K01','2023-12-15 11:00:00','CON 3 LIT ','D06'),
('VL007','TRAI CAY',100,'K02','2022-6-16 12:00:00','CON 53KG','D07')

INSERT INTO CHITIETXUAT 
VALUES
('CT001','VL001','A101',10),
('CT002','VL002','A102',11),
('CT003','VL003','A201',12),
('CT004','VL004','A101',13),
('CT005','VL005','A101',14)

INSERT INTO CHITIETCUNGCAP
VALUES
('CTZFVN','VL001'),
('TPCD','VL002'),
('TPDA','VL003'),
('TPTT','VL004'),
('AAF','VL005'),
('TPCT','VL006'),
('AAF','VL007')